Method;Job;AnalyzeLaunchVariance;EvaluateOverhead;MaxAbsoluteError;MaxRelativeError;MinInvokeCount;MinIterationTime;OutlierMode;Affinity;EnvironmentVariables;Jit;LargeAddressAware;Platform;PowerPlanMode;Runtime;AllowVeryLargeObjects;Concurrent;CpuGroups;Force;HeapAffinitizeMask;HeapCount;NoAffinitize;RetainVm;Server;Arguments;BuildConfiguration;Clock;EngineFactory;NuGetReferences;Toolchain;IsMutator;InvocationCount;IterationCount;IterationTime;LaunchCount;MaxIterationCount;MaxWarmupIterationCount;MemoryRandomization;MinIterationCount;MinWarmupIterationCount;RunStrategy;UnrollFactor;WarmupCount;Mean;Error;StdDev;Median;Ratio;RatioSD;Gen0;Code Size;Allocated;Alloc Ratio
BoxStays;net10;False;Default;Default;Default;Default;Default;Default;11111111111111111111;Empty;RyuJit;Default;X64;8c5e7fda-e8bf-4a96-9a85-a6e23a8c635c;.NET 10.0;False;True;False;True;Default;Default;False;False;False;Default;Default;Default;Default;Default;net10;Default;Default;Default;Default;Default;Default;Default;Default;Default;Default;Default;16;Default;0.6006 ns;0.0426 ns;0.1158 ns;0.5919 ns;1.04;0.28;0.0000;13 B;0 B;NA
BoxEscapes;net10;False;Default;Default;Default;Default;Default;Default;11111111111111111111;Empty;RyuJit;Default;X64;8c5e7fda-e8bf-4a96-9a85-a6e23a8c635c;.NET 10.0;False;True;False;True;Default;Default;False;False;False;Default;Default;Default;Default;Default;net10;Default;Default;Default;Default;Default;Default;Default;Default;Default;Default;Default;16;Default;6.7015 ns;0.1526 ns;0.2829 ns;6.6249 ns;11.57;2.24;0.0024;68 B;24 B;NA
ArrayStays;net10;False;Default;Default;Default;Default;Default;Default;11111111111111111111;Empty;RyuJit;Default;X64;8c5e7fda-e8bf-4a96-9a85-a6e23a8c635c;.NET 10.0;False;True;False;True;Default;Default;False;False;False;Default;Default;Default;Default;Default;net10;Default;Default;Default;Default;Default;Default;Default;Default;Default;Default;Default;16;Default;1.1396 ns;0.0533 ns;0.1039 ns;1.0953 ns;1.97;0.41;0.0000;104 B;0 B;NA
ArrayEscapes;net10;False;Default;Default;Default;Default;Default;Default;11111111111111111111;Empty;RyuJit;Default;X64;8c5e7fda-e8bf-4a96-9a85-a6e23a8c635c;.NET 10.0;False;True;False;True;Default;Default;False;False;False;Default;Default;Default;Default;Default;net10;Default;Default;Default;Default;Default;Default;Default;Default;Default;Default;Default;16;Default;8.1932 ns;0.1900 ns;0.2786 ns;8.1109 ns;14.15;2.71;0.0040;98 B;40 B;NA
ArrayOnStack;net10;False;Default;Default;Default;Default;Default;Default;11111111111111111111;Empty;RyuJit;Default;X64;8c5e7fda-e8bf-4a96-9a85-a6e23a8c635c;.NET 10.0;False;True;False;True;Default;Default;False;False;False;Default;Default;Default;Default;Default;net10;Default;Default;Default;Default;Default;Default;Default;Default;Default;Default;Default;16;Default;1.5419 ns;0.0620 ns;0.0784 ns;1.5510 ns;2.66;0.52;0.0000;106 B;0 B;NA
BoxStays;net8;False;Default;Default;Default;Default;Default;Default;11111111111111111111;Empty;RyuJit;Default;X64;8c5e7fda-e8bf-4a96-9a85-a6e23a8c635c;.NET 10.0;False;True;False;True;Default;Default;False;False;False;Default;Default;Default;Default;Default;net8;Default;Default;Default;Default;Default;Default;Default;Default;Default;Default;Default;16;Default;3.5581 ns;0.0966 ns;0.2119 ns;3.5358 ns;6.14;1.22;0.0024;50 B;24 B;NA
BoxEscapes;net8;False;Default;Default;Default;Default;Default;Default;11111111111111111111;Empty;RyuJit;Default;X64;8c5e7fda-e8bf-4a96-9a85-a6e23a8c635c;.NET 10.0;False;True;False;True;Default;Default;False;False;False;Default;Default;Default;Default;Default;net8;Default;Default;Default;Default;Default;Default;Default;Default;Default;Default;Default;16;Default;7.0161 ns;0.1693 ns;0.3992 ns;7.0023 ns;12.11;2.39;0.0024;68 B;24 B;NA
ArrayStays;net8;False;Default;Default;Default;Default;Default;Default;11111111111111111111;Empty;RyuJit;Default;X64;8c5e7fda-e8bf-4a96-9a85-a6e23a8c635c;.NET 10.0;False;True;False;True;Default;Default;False;False;False;Default;Default;Default;Default;Default;net8;Default;Default;Default;Default;Default;Default;Default;Default;Default;Default;Default;16;Default;5.3464 ns;0.1356 ns;0.2547 ns;5.3197 ns;9.23;1.80;0.0040;71 B;40 B;NA
ArrayEscapes;net8;False;Default;Default;Default;Default;Default;Default;11111111111111111111;Empty;RyuJit;Default;X64;8c5e7fda-e8bf-4a96-9a85-a6e23a8c635c;.NET 10.0;False;True;False;True;Default;Default;False;False;False;Default;Default;Default;Default;Default;net8;Default;Default;Default;Default;Default;Default;Default;Default;Default;Default;Default;16;Default;8.2642 ns;0.2009 ns;0.3186 ns;8.2119 ns;14.27;2.75;0.0040;98 B;40 B;NA
ArrayOnStack;net8;False;Default;Default;Default;Default;Default;Default;11111111111111111111;Empty;RyuJit;Default;X64;8c5e7fda-e8bf-4a96-9a85-a6e23a8c635c;.NET 10.0;False;True;False;True;Default;Default;False;False;False;Default;Default;Default;Default;Default;net8;Default;Default;Default;Default;Default;Default;Default;Default;Default;Default;Default;16;Default;1.7103 ns;0.0644 ns;0.1387 ns;1.6834 ns;2.95;0.61;0.0000;106 B;0 B;NA
BoxStays;net9;False;Default;Default;Default;Default;Default;Default;11111111111111111111;Empty;RyuJit;Default;X64;8c5e7fda-e8bf-4a96-9a85-a6e23a8c635c;.NET 10.0;False;True;False;True;Default;Default;False;False;False;Default;Default;Default;Default;Default;net9;Default;Default;Default;Default;Default;Default;Default;Default;Default;Default;Default;16;Default;0.5226 ns;0.0412 ns;0.0642 ns;0.5090 ns;0.90;0.20;0.0000;13 B;0 B;NA
BoxEscapes;net9;False;Default;Default;Default;Default;Default;Default;11111111111111111111;Empty;RyuJit;Default;X64;8c5e7fda-e8bf-4a96-9a85-a6e23a8c635c;.NET 10.0;False;True;False;True;Default;Default;False;False;False;Default;Default;Default;Default;Default;net9;Default;Default;Default;Default;Default;Default;Default;Default;Default;Default;Default;16;Default;7.0094 ns;0.1880 ns;0.5483 ns;6.9589 ns;12.10;2.48;0.0024;68 B;24 B;NA
ArrayStays;net9;False;Default;Default;Default;Default;Default;Default;11111111111111111111;Empty;RyuJit;Default;X64;8c5e7fda-e8bf-4a96-9a85-a6e23a8c635c;.NET 10.0;False;True;False;True;Default;Default;False;False;False;Default;Default;Default;Default;Default;net9;Default;Default;Default;Default;Default;Default;Default;Default;Default;Default;Default;16;Default;4.8509 ns;0.1446 ns;0.4148 ns;4.7402 ns;8.38;1.74;0.0040;71 B;40 B;NA
ArrayEscapes;net9;False;Default;Default;Default;Default;Default;Default;11111111111111111111;Empty;RyuJit;Default;X64;8c5e7fda-e8bf-4a96-9a85-a6e23a8c635c;.NET 10.0;False;True;False;True;Default;Default;False;False;False;Default;Default;Default;Default;Default;net9;Default;Default;Default;Default;Default;Default;Default;Default;Default;Default;Default;16;Default;8.5551 ns;0.2005 ns;0.4229 ns;8.5151 ns;14.77;2.88;0.0040;98 B;40 B;NA
ArrayOnStack;net9;False;Default;Default;Default;Default;Default;Default;11111111111111111111;Empty;RyuJit;Default;X64;8c5e7fda-e8bf-4a96-9a85-a6e23a8c635c;.NET 10.0;False;True;False;True;Default;Default;False;False;False;Default;Default;Default;Default;Default;net9;Default;Default;Default;Default;Default;Default;Default;Default;Default;Default;Default;16;Default;1.6040 ns;0.0637 ns;0.1574 ns;1.5511 ns;2.77;0.59;0.0000;106 B;0 B;NA
